<?xml version="1.0" encoding="UTF-8" standalone="no"?>
<database name="ananya" schema="report" type="PostgreSQL - 9.1.4">
   <tables>
      <table name="call_duration_measure" numRows="0" remarks="" schema="report" type="TABLE">
         <column autoUpdated="true" defaultValue="nextval('report.call_duration_measure_id_seq'::regclass)" digits="0" id="0" name="id" nullable="false" remarks="" size="10" type="serial"/>
         <column autoUpdated="false" digits="0" id="1" name="flw_id" nullable="true" remarks="" size="19" type="int8">
            <parent column="id" foreignKey="fk_call_duration_measure_flw_dimension" implied="false" onDeleteCascade="true" table="front_line_worker_dimension"/>
         </column>
         <column autoUpdated="false" digits="0" id="2" name="call_id" nullable="true" remarks="" size="255" type="varchar"/>
         <column autoUpdated="false" digits="0" id="3" name="duration" nullable="true" remarks="" size="10" type="int4"/>
         <column autoUpdated="false" digits="0" id="4" name="type" nullable="true" remarks="" size="30" type="varchar"/>
         <column autoUpdated="false" digits="0" id="5" name="location_id" nullable="true" remarks="" size="19" type="int8">
            <parent column="id" foreignKey="fk_call_duration_measure_location_dimension" implied="false" onDeleteCascade="true" table="location_dimension"/>
         </column>
         <column autoUpdated="false" digits="6" id="6" name="start_time" nullable="true" remarks="" size="35" type="timestamptz"/>
         <column autoUpdated="false" digits="6" id="7" name="end_time" nullable="true" remarks="" size="35" type="timestamptz"/>
         <column autoUpdated="false" digits="0" id="8" name="called_number" nullable="true" remarks="" size="19" type="int8"/>
         <column autoUpdated="false" digits="0" id="9" name="time_id" nullable="true" remarks="" size="19" type="int8">
            <parent column="id" foreignKey="fk_call_duration_measure_time_dimension" implied="false" onDeleteCascade="true" table="time_dimension"/>
         </column>
         <primaryKey column="id" sequenceNumberInPK="1"/>
         <index name="pk_call_duration_measure" unique="true">
            <column ascending="true" name="id"/>
         </index>
         <index name="idx_call_duration_measure_flw_id" unique="false">
            <column ascending="true" name="flw_id"/>
         </index>
      </table>
      <table name="course_item_dimension" numRows="334" remarks="" schema="report" type="TABLE">
         <column autoUpdated="true" defaultValue="nextval('report.course_item_dimension_id_seq'::regclass)" digits="0" id="0" name="id" nullable="false" remarks="" size="10" type="serial">
            <child column="parent_id" foreignKey="fk_course_item_dimension_course_item_dimension" implied="false" onDeleteCascade="true" table="course_item_dimension"/>
            <child column="course_item_id" foreignKey="fk_course_item_measure_course_item_dimension" implied="false" onDeleteCascade="true" table="course_item_measure"/>
         </column>
         <column autoUpdated="false" digits="0" id="1" name="name" nullable="true" remarks="" size="255" type="varchar"/>
         <column autoUpdated="false" digits="0" id="2" name="content_id" nullable="true" remarks="" size="255" type="varchar"/>
         <column autoUpdated="false" digits="0" id="3" name="type" nullable="true" remarks="" size="30" type="varchar"/>
         <column autoUpdated="false" digits="0" id="4" name="parent_id" nullable="true" remarks="" size="10" type="int4">
            <parent column="id" foreignKey="fk_course_item_dimension_course_item_dimension" implied="false" onDeleteCascade="true" table="course_item_dimension"/>
         </column>
         <column autoUpdated="false" digits="0" id="5" name="file_name" nullable="true" remarks="" size="255" type="varchar"/>
         <column autoUpdated="false" digits="0" id="6" name="duration" nullable="true" remarks="" size="10" type="int4"/>
         <primaryKey column="id" sequenceNumberInPK="1"/>
         <index name="pk_course_item_dimension" unique="true">
            <column ascending="true" name="id"/>
         </index>
         <index name="idx_course_item_dimension_content_id" unique="false">
            <column ascending="true" name="content_id"/>
         </index>
         <index name="idx_course_item_dimension_name_type" unique="false">
            <column ascending="true" name="name"/>
            <column ascending="true" name="type"/>
         </index>
         <index name="unq_name_type" unique="true">
            <column ascending="true" name="name"/>
            <column ascending="true" name="type"/>
         </index>
      </table>
      <table name="course_item_measure" numRows="0" remarks="" schema="report" type="TABLE">
         <column autoUpdated="true" defaultValue="nextval('report.course_item_measure_id_seq'::regclass)" digits="0" id="0" name="id" nullable="false" remarks="" size="10" type="serial"/>
         <column autoUpdated="false" digits="0" id="1" name="flw_id" nullable="true" remarks="" size="19" type="int8">
            <parent column="id" foreignKey="fk_course_item_measure_flw_dimension" implied="false" onDeleteCascade="true" table="front_line_worker_dimension"/>
         </column>
         <column autoUpdated="false" digits="0" id="2" name="course_item_id" nullable="true" remarks="" size="10" type="int4">
            <parent column="id" foreignKey="fk_course_item_measure_course_item_dimension" implied="false" onDeleteCascade="true" table="course_item_dimension"/>
         </column>
         <column autoUpdated="false" digits="0" id="3" name="time_id" nullable="true" remarks="" size="10" type="int4">
            <parent column="id" foreignKey="fk_course_item_measure_time_dimension" implied="false" onDeleteCascade="true" table="time_dimension"/>
         </column>
         <column autoUpdated="false" digits="0" id="4" name="score" nullable="true" remarks="" size="10" type="int4"/>
         <column autoUpdated="false" digits="0" id="5" name="event" nullable="true" remarks="" size="30" type="varchar"/>
         <column autoUpdated="false" digits="0" id="6" name="location_id" nullable="true" remarks="" size="19" type="int8">
            <parent column="id" foreignKey="fk_course_item_measure_location_dimension" implied="false" onDeleteCascade="true" table="location_dimension"/>
         </column>
         <column autoUpdated="false" digits="6" id="7" name="timestamp" nullable="true" remarks="" size="35" type="timestamptz"/>
         <column autoUpdated="false" digits="0" id="8" name="percentage" nullable="true" remarks="" size="5" type="int2"/>
         <column autoUpdated="false" digits="0" id="9" name="call_id" nullable="true" remarks="" size="255" type="varchar"/>
         <column autoUpdated="false" digits="0" id="10" name="duration" nullable="true" remarks="" size="10" type="int4"/>
         <primaryKey column="id" sequenceNumberInPK="1"/>
         <index name="pk_course_item_measure" unique="true">
            <column ascending="true" name="id"/>
         </index>
         <index name="idx_course_item_measure_course_item_id" unique="false">
            <column ascending="true" name="course_item_id"/>
         </index>
         <index name="idx_course_item_measure_flw_id" unique="false">
            <column ascending="true" name="flw_id"/>
         </index>
         <index name="idx_course_item_measure_time_id" unique="false">
            <column ascending="true" name="time_id"/>
         </index>
      </table>
      <table name="databasechangelog" numRows="32" remarks="" schema="report" type="TABLE">
         <column autoUpdated="false" digits="0" id="0" name="id" nullable="false" remarks="" size="63" type="varchar"/>
         <column autoUpdated="false" digits="0" id="1" name="author" nullable="false" remarks="" size="63" type="varchar"/>
         <column autoUpdated="false" digits="0" id="2" name="filename" nullable="false" remarks="" size="200" type="varchar"/>
         <column autoUpdated="false" digits="6" id="3" name="dateexecuted" nullable="false" remarks="" size="35" type="timestamptz"/>
         <column autoUpdated="false" digits="0" id="4" name="orderexecuted" nullable="false" remarks="" size="10" type="int4"/>
         <column autoUpdated="false" digits="0" id="5" name="exectype" nullable="false" remarks="" size="10" type="varchar"/>
         <column autoUpdated="false" digits="0" id="6" name="md5sum" nullable="true" remarks="" size="35" type="varchar"/>
         <column autoUpdated="false" digits="0" id="7" name="description" nullable="true" remarks="" size="255" type="varchar"/>
         <column autoUpdated="false" digits="0" id="8" name="comments" nullable="true" remarks="" size="255" type="varchar"/>
         <column autoUpdated="false" digits="0" id="9" name="tag" nullable="true" remarks="" size="255" type="varchar"/>
         <column autoUpdated="false" digits="0" id="10" name="liquibase" nullable="true" remarks="" size="20" type="varchar"/>
         <primaryKey column="id" sequenceNumberInPK="1"/>
         <primaryKey column="author" sequenceNumberInPK="2"/>
         <primaryKey column="filename" sequenceNumberInPK="3"/>
         <index name="pk_databasechangelog" unique="true">
            <column ascending="true" name="id"/>
            <column ascending="true" name="author"/>
            <column ascending="true" name="filename"/>
         </index>
      </table>
      <table name="databasechangeloglock" numRows="1" remarks="" schema="report" type="TABLE">
         <column autoUpdated="false" digits="0" id="0" name="id" nullable="false" remarks="" size="10" type="int4"/>
         <column autoUpdated="false" digits="0" id="1" name="locked" nullable="false" remarks="" size="1" type="bool"/>
         <column autoUpdated="false" digits="6" id="2" name="lockgranted" nullable="true" remarks="" size="35" type="timestamptz"/>
         <column autoUpdated="false" digits="0" id="3" name="lockedby" nullable="true" remarks="" size="255" type="varchar"/>
         <primaryKey column="id" sequenceNumberInPK="1"/>
         <index name="pk_databasechangeloglock" unique="true">
            <column ascending="true" name="id"/>
         </index>
      </table>
      <table name="front_line_worker_dimension" numRows="6" remarks="" schema="report" type="TABLE">
         <column autoUpdated="true" defaultValue="nextval('report.front_line_worker_dimension_id_seq'::regclass)" digits="0" id="0" name="id" nullable="false" remarks="" size="10" type="serial">
            <child column="flw_id" foreignKey="fk_call_duration_measure_flw_dimension" implied="false" onDeleteCascade="true" table="call_duration_measure"/>
            <child column="flw_id" foreignKey="fk_course_item_measure_flw_dimension" implied="false" onDeleteCascade="true" table="course_item_measure"/>
            <child column="flw_id" foreignKey="fk_job_aid_content_measure_flw_dimension" implied="false" onDeleteCascade="true" table="job_aid_content_measure"/>
            <child column="flw_id" foreignKey="fk_registration_measure_flw_dimension" implied="false" onDeleteCascade="true" table="registration_measure"/>
            <child column="flw_id" foreignKey="fk_sms_sent_measure_flw_dimension" implied="false" onDeleteCascade="true" table="sms_sent_measure"/>
         </column>
         <column autoUpdated="false" digits="0" id="1" name="msisdn" nullable="true" remarks="" size="19" type="int8"/>
         <column autoUpdated="false" digits="0" id="2" name="operator" nullable="true" remarks="" size="30" type="varchar"/>
         <column autoUpdated="false" digits="0" id="3" name="name" nullable="true" remarks="" size="255" type="varchar"/>
         <column autoUpdated="false" digits="0" id="4" name="status" nullable="true" remarks="" size="30" type="varchar"/>
         <column autoUpdated="false" digits="0" id="5" name="designation" nullable="true" remarks="" size="30" type="varchar"/>
         <column autoUpdated="false" digits="0" id="6" name="circle" nullable="true" remarks="" size="30" type="varchar"/>
         <primaryKey column="id" sequenceNumberInPK="1"/>
         <index name="pk_front_line_worker_dimension" unique="true">
            <column ascending="true" name="id"/>
         </index>
         <index name="idx_front_line_worker_dimension_msisdn" unique="false">
            <column ascending="true" name="msisdn"/>
         </index>
         <index name="unq_front_line_worker_dimension_msisdn" unique="true">
            <column ascending="true" name="msisdn"/>
         </index>
      </table>
      <table name="job_aid_content_dimension" numRows="184" remarks="" schema="report" type="TABLE">
         <column autoUpdated="true" defaultValue="nextval('report.job_aid_content_dimension_id_seq'::regclass)" digits="0" id="0" name="id" nullable="false" remarks="" size="10" type="serial">
            <child column="parent_id" foreignKey="fk_job_aid_content_dimension_job_aid_content_dimension" implied="false" onDeleteCascade="true" table="job_aid_content_dimension"/>
            <child column="job_aid_content_id" foreignKey="fk_ja_content_measure_ja_content_dimension" implied="false" onDeleteCascade="true" table="job_aid_content_measure"/>
         </column>
         <column autoUpdated="false" digits="0" id="1" name="content_id" nullable="true" remarks="" size="255" type="varchar"/>
         <column autoUpdated="false" digits="0" id="2" name="parent_id" nullable="true" remarks="" size="19" type="int8">
            <parent column="id" foreignKey="fk_job_aid_content_dimension_job_aid_content_dimension" implied="false" onDeleteCascade="true" table="job_aid_content_dimension"/>
         </column>
         <column autoUpdated="false" digits="0" id="3" name="name" nullable="true" remarks="" size="255" type="varchar"/>
         <column autoUpdated="false" digits="0" id="4" name="file_name" nullable="true" remarks="" size="255" type="varchar"/>
         <column autoUpdated="false" digits="0" id="5" name="type" nullable="true" remarks="" size="255" type="varchar"/>
         <column autoUpdated="false" digits="0" id="6" name="duration" nullable="true" remarks="" size="10" type="int4"/>
         <column autoUpdated="false" digits="0" id="7" name="short_code" nullable="true" remarks="" size="19" type="int8"/>
         <primaryKey column="id" sequenceNumberInPK="1"/>
         <index name="pk_job_aid_content_dimension" unique="true">
            <column ascending="true" name="id"/>
         </index>
         <index name="idx_job_aid_content_dimension_content_id" unique="false">
            <column ascending="true" name="content_id"/>
         </index>
      </table>
      <table name="job_aid_content_measure" numRows="0" remarks="" schema="report" type="TABLE">
         <column autoUpdated="true" defaultValue="nextval('report.job_aid_content_measure_id_seq'::regclass)" digits="0" id="0" name="id" nullable="false" remarks="" size="10" type="serial"/>
         <column autoUpdated="false" digits="0" id="1" name="flw_id" nullable="true" remarks="" size="19" type="int8">
            <parent column="id" foreignKey="fk_job_aid_content_measure_flw_dimension" implied="false" onDeleteCascade="true" table="front_line_worker_dimension"/>
         </column>
         <column autoUpdated="false" digits="0" id="2" name="call_id" nullable="true" remarks="" size="255" type="varchar"/>
         <column autoUpdated="false" digits="0" id="3" name="location_id" nullable="true" remarks="" size="19" type="int8">
            <parent column="id" foreignKey="fk_job_aid_content_measure_location_dimension" implied="false" onDeleteCascade="true" table="location_dimension"/>
         </column>
         <column autoUpdated="false" digits="0" id="4" name="job_aid_content_id" nullable="true" remarks="" size="10" type="int4">
            <parent column="id" foreignKey="fk_ja_content_measure_ja_content_dimension" implied="false" onDeleteCascade="true" table="job_aid_content_dimension"/>
         </column>
         <column autoUpdated="false" digits="6" id="5" name="timestamp" nullable="true" remarks="" size="35" type="timestamptz"/>
         <column autoUpdated="false" digits="0" id="6" name="percentage" nullable="true" remarks="" size="5" type="int2"/>
         <column autoUpdated="false" digits="0" id="7" name="time_id" nullable="true" remarks="" size="19" type="int8">
            <parent column="id" foreignKey="fk_job_aid_content_measure_time_dimension" implied="false" onDeleteCascade="true" table="time_dimension"/>
         </column>
         <column autoUpdated="false" digits="0" id="8" name="duration" nullable="true" remarks="" size="10" type="int4"/>
         <primaryKey column="id" sequenceNumberInPK="1"/>
         <index name="pk_job_aid_content_measure" unique="true">
            <column ascending="true" name="id"/>
         </index>
      </table>
      <table name="location_dimension" numRows="19" remarks="" schema="report" type="TABLE">
         <column autoUpdated="true" defaultValue="nextval('report.location_dimension_id_seq'::regclass)" digits="0" id="0" name="id" nullable="false" remarks="" size="10" type="serial">
            <child column="location_id" foreignKey="fk_call_duration_measure_location_dimension" implied="false" onDeleteCascade="true" table="call_duration_measure"/>
            <child column="location_id" foreignKey="fk_course_item_measure_location_dimension" implied="false" onDeleteCascade="true" table="course_item_measure"/>
            <child column="location_id" foreignKey="fk_job_aid_content_measure_location_dimension" implied="false" onDeleteCascade="true" table="job_aid_content_measure"/>
            <child column="location_id" foreignKey="fk_registration_measure_location_dimension" implied="false" onDeleteCascade="true" table="registration_measure"/>
            <child column="location_id" foreignKey="fk_sms_sent_measure_location_dimension" implied="false" onDeleteCascade="true" table="sms_sent_measure"/>
         </column>
         <column autoUpdated="false" digits="0" id="1" name="location_id" nullable="true" remarks="" size="30" type="varchar"/>
         <column autoUpdated="false" digits="0" id="2" name="district" nullable="true" remarks="" size="255" type="varchar"/>
         <column autoUpdated="false" digits="0" id="3" name="block" nullable="true" remarks="" size="255" type="varchar"/>
         <column autoUpdated="false" digits="0" id="4" name="panchayat" nullable="true" remarks="" size="255" type="varchar"/>
         <primaryKey column="id" sequenceNumberInPK="1"/>
         <index name="pk_location_dimension" unique="true">
            <column ascending="true" name="id"/>
         </index>
         <index name="idx_location_dimension_location_id" unique="false">
            <column ascending="true" name="location_id"/>
         </index>
      </table>
      <table name="registration_measure" numRows="6" remarks="" schema="report" type="TABLE">
         <column autoUpdated="true" defaultValue="nextval('report.registration_measure_id_seq'::regclass)" digits="0" id="0" name="id" nullable="false" remarks="" size="10" type="serial"/>
         <column autoUpdated="false" digits="0" id="1" name="location_id" nullable="true" remarks="" size="5" type="int2">
            <parent column="id" foreignKey="fk_registration_measure_location_dimension" implied="false" onDeleteCascade="true" table="location_dimension"/>
         </column>
         <column autoUpdated="false" digits="0" id="2" name="time_id" nullable="true" remarks="" size="10" type="int4">
            <parent column="id" foreignKey="fk_registration_measure_time_dimension" implied="false" onDeleteCascade="true" table="time_dimension"/>
         </column>
         <column autoUpdated="false" digits="0" id="3" name="flw_id" nullable="true" remarks="" size="19" type="int8">
            <parent column="id" foreignKey="fk_registration_measure_flw_dimension" implied="false" onDeleteCascade="true" table="front_line_worker_dimension"/>
         </column>
         <column autoUpdated="false" digits="0" id="4" name="call_id" nullable="true" remarks="" size="255" type="varchar"/>
         <primaryKey column="id" sequenceNumberInPK="1"/>
         <index name="pk_registration_measure" unique="true">
            <column ascending="true" name="id"/>
         </index>
         <index name="idx_registration_measure_flw_id" unique="false">
            <column ascending="true" name="flw_id"/>
         </index>
         <index name="idx_registration_measure_location_id" unique="false">
            <column ascending="true" name="location_id"/>
         </index>
         <index name="idx_registration_measure_time_id" unique="false">
            <column ascending="true" name="time_id"/>
         </index>
      </table>
      <table name="sms_sent_measure" numRows="0" remarks="" schema="report" type="TABLE">
         <column autoUpdated="true" defaultValue="nextval('report.sms_sent_measure_id_seq'::regclass)" digits="0" id="0" name="id" nullable="false" remarks="" size="10" type="serial"/>
         <column autoUpdated="false" digits="0" id="1" name="flw_id" nullable="true" remarks="" size="19" type="int8">
            <parent column="id" foreignKey="fk_sms_sent_measure_flw_dimension" implied="false" onDeleteCascade="true" table="front_line_worker_dimension"/>
         </column>
         <column autoUpdated="false" digits="0" id="2" name="time_id" nullable="true" remarks="" size="10" type="int4">
            <parent column="id" foreignKey="fk_sms_sent_measure_time_dimension" implied="false" onDeleteCascade="true" table="time_dimension"/>
         </column>
         <column autoUpdated="false" digits="0" id="3" name="course_attempt" nullable="true" remarks="" size="10" type="int4"/>
         <column autoUpdated="false" digits="0" id="4" name="sms_sent" nullable="true" remarks="" size="1" type="bool"/>
         <column autoUpdated="false" digits="0" id="5" name="sms_reference_number" nullable="true" remarks="" size="30" type="varchar"/>
         <column autoUpdated="false" digits="0" id="6" name="location_id" nullable="true" remarks="" size="19" type="int8">
            <parent column="id" foreignKey="fk_sms_sent_measure_location_dimension" implied="false" onDeleteCascade="true" table="location_dimension"/>
         </column>
         <primaryKey column="id" sequenceNumberInPK="1"/>
         <index name="pk_sms_sent_measure" unique="true">
            <column ascending="true" name="id"/>
         </index>
         <index name="idx_sms_sent_measure_flw_id" unique="false">
            <column ascending="true" name="flw_id"/>
         </index>
         <index name="idx_sms_sent_measure_time_id" unique="false">
            <column ascending="true" name="time_id"/>
         </index>
      </table>
      <table name="time_dimension" numRows="732" remarks="" schema="report" type="TABLE">
         <column autoUpdated="true" defaultValue="nextval('report.time_dimension_id_seq'::regclass)" digits="0" id="0" name="id" nullable="false" remarks="" size="10" type="serial">
            <child column="time_id" foreignKey="fk_call_duration_measure_time_dimension" implied="false" onDeleteCascade="true" table="call_duration_measure"/>
            <child column="time_id" foreignKey="fk_course_item_measure_time_dimension" implied="false" onDeleteCascade="true" table="course_item_measure"/>
            <child column="time_id" foreignKey="fk_job_aid_content_measure_time_dimension" implied="false" onDeleteCascade="true" table="job_aid_content_measure"/>
            <child column="time_id" foreignKey="fk_registration_measure_time_dimension" implied="false" onDeleteCascade="true" table="registration_measure"/>
            <child column="time_id" foreignKey="fk_sms_sent_measure_time_dimension" implied="false" onDeleteCascade="true" table="sms_sent_measure"/>
         </column>
         <column autoUpdated="false" digits="0" id="1" name="day" nullable="true" remarks="" size="5" type="int2"/>
         <column autoUpdated="false" digits="0" id="2" name="week" nullable="true" remarks="" size="5" type="int2"/>
         <column autoUpdated="false" digits="0" id="3" name="month" nullable="true" remarks="" size="5" type="int2"/>
         <column autoUpdated="false" digits="0" id="4" name="year" nullable="true" remarks="" size="5" type="int2"/>
         <column autoUpdated="false" digits="0" id="5" name="date" nullable="true" remarks="" size="13" type="date"/>
         <primaryKey column="id" sequenceNumberInPK="1"/>
         <index name="pk_time_dimension" unique="true">
            <column ascending="true" name="id"/>
         </index>
         <index name="idx_time_dimension_year_month_day" unique="false">
            <column ascending="true" name="year"/>
            <column ascending="true" name="month"/>
            <column ascending="true" name="day"/>
         </index>
         <index name="unq_day_week_month_year" unique="true">
            <column ascending="true" name="day"/>
            <column ascending="true" name="week"/>
            <column ascending="true" name="month"/>
            <column ascending="true" name="year"/>
         </index>
      </table>
   </tables>
</database>
